"","word","sentiment","n"
"1","thank","positive",603
"2","delayed","negative",545
"3","great","positive",336
"4","delay","negative",301
"5","good","positive",298
"6","love","positive",245
"7","lost","negative",243
"8","worst","negative",240
"9","problems","negative",201
"10","best","positive",191
"11","bad","negative",186
"12","better","positive",183
"13","stuck","negative",171
"14","miss","negative",160
"15","issue","negative",153
"16","delays","negative",149
"17","refund","positive",147
"18","rude","negative",137
"19","nice","positive",135
"20","missed","negative",134
"21","awesome","positive",124
"22","issues","negative",123
"23","appreciate","positive",115
"24","available","positive",109
"25","problem","negative",109
"26","helpful","positive",102
"27","sorry","negative",102
"28","terrible","negative",102
"29","disappointed","negative",101
"30","fail","negative",99
"31","amazing","positive",98
"32","happy","positive",91
"33","hung","negative",89
"34","ridiculous","negative",88
"35","unacceptable","negative",88
"36","poor","negative",87
"37","horrible","negative",84
"38","wrong","negative",76
"39","frustrated","negative",70
"40","broken","negative",68
"41","cool","positive",64
"42","worse","negative",62
"43","awful","negative",60
"44","hard","negative",58
"45","frustrating","negative",57
"46","lack","negative",57
"47","sucks","negative",56
"48","loyal","positive",52
"49","glad","positive",51
"50","joke","negative",50
"51","error","negative",49
"52","suck","negative",48
"53","complaint","negative",47
"54","wow","positive",46
"55","lose","negative",45
"56","award","positive",44
"57","helping","positive",43
"58","pretty","positive",43
"59","appreciated","positive",41
"60","correct","positive",41
"61","fault","negative",41
"62","super","positive",41
"63","ready","positive",40
"64","support","positive",40
"65","upset","negative",39
"66","easy","positive",38
"67","hate","negative",38
"68","sad","negative",38
"69","top","positive",38
"70","luck","positive",36
"71","cold","negative",35
"72","helped","positive",35
"73","losing","negative",35
"74","fun","positive",34
"75","crazy","negative",33
"76","friendly","positive",33
"77","shit","negative",33
"78","gold","positive",32
"79","unable","negative",32
"80","unfortunately","negative",32
"81","inconvenience","negative",31
"82","works","positive",31
"83","hang","negative",30
"84","kudos","positive",30
"85","wonderful","positive",29
"86","worth","positive",29
"87","excellent","positive",28
"88","excited","positive",27
"89","worries","negative",27
"90","complaints","negative",26
"91","failed","negative",26
"92","mess","negative",26
"93","trouble","negative",26
"94","worked","positive",26
"95","bumped","negative",25
"96","hangs","negative",25
"97","ruined","negative",25
"98","warm","positive",25
"99","safe","positive",24
"100","useless","negative",24
"101","bs","negative",23
"102","failure","negative",23
"103","tired","negative",23
"104","unhappy","negative",23
"105","unhelpful","negative",23
"106","win","positive",23
"107","concern","negative",22
"108","damn","negative",22
"109","fucking","negative",22
"110","impressed","positive",22
"111","screwed","negative",22
"112","angry","negative",21
"113","clear","positive",21
"114","enjoy","positive",21
"115","excuse","negative",21
"116","funny","negative",21
"117","hell","negative",21
"118","mistake","negative",21
"119","nightmare","negative",21
"120","pathetic","negative",21
"121","willing","positive",21
"122","bother","negative",20
"123","broke","negative",20
"124","denied","negative",20
"125","fantastic","positive",20
"126","favorite","positive",20
"127","premier","positive",20
"128","refused","negative",20
"129","sick","negative",20
"130","slow","negative",20
"131","unbelievable","negative",20
"132","wasted","negative",20
"133","clearly","positive",19
"134","fair","positive",19
"135","fuck","negative",19
"136","important","positive",19
"137","impossible","negative",19
"138","lie","negative",19
"139","lies","negative",19
"140","loved","positive",19
"141","lovely","positive",19
"142","refunded","positive",19
"143","trust","positive",19
"144","upgraded","positive",19
"145","waste","negative",19
"146","wonder","positive",19
"147","disappointing","negative",18
"148","emergency","negative",18
"149","expensive","negative",18
"150","expired","negative",18
"151","fast","positive",18
"152","freezing","negative",18
"153","mad","negative",18
"154","refuse","negative",18
"155","ugh","negative",18
"156","welcome","positive",18
"157","cheap","negative",17
"158","honor","positive",17
"159","incompetence","negative",17
"160","incompetent","negative",17
"161","patience","positive",17
"162","patient","positive",17
"163","promised","positive",17
"164","break","negative",16
"165","damaged","negative",16
"166","disgusting","negative",16
"167","faster","positive",16
"168","hot","positive",16
"169","incredibly","positive",16
"170","redeem","positive",16
"171","ruining","negative",16
"172","safely","positive",16
"173","sweet","positive",16
"174","worry","negative",16
"175","advantage","positive",15
"176","disaster","negative",15
"177","honest","positive",15
"178","perfect","positive",15
"179","pleasant","positive",15
"180","promise","positive",15
"181","shame","negative",15
"182","beautiful","positive",14
"183","blame","negative",14
"184","clean","positive",14
"185","crappy","negative",14
"186","death","negative",14
"187","delaying","negative",14
"188","elite","positive",14
"189","improve","positive",14
"190","killing","negative",14
"191","messed","negative",14
"192","prompt","positive",14
"193","wasting","negative",14
"194","absurd","negative",13
"195","annoying","negative",13
"196","complain","negative",13
"197","concerned","negative",13
"198","crap","negative",13
"199","dead","negative",13
"200","frozen","negative",13
"201","insane","negative",13
"202","outstanding","positive",13
"203","difficult","negative",12
"204","easier","positive",12
"205","errors","negative",12
"206","frustration","negative",12
"207","guarantee","positive",12
"208","lame","negative",12
"209","loyalty","positive",12
"210","properly","positive",12
"211","respect","positive",12
"212","reward","positive",12
"213","unavailable","negative",12
"214","unreal","positive",12
"215","compassion","positive",11
"216","disappointment","negative",11
"217","embarrassing","negative",11
"218","fraud","negative",11
"219","incredible","positive",11
"220","lied","negative",11
"221","nasty","negative",11
"222","poorly","negative",11
"223","ripoff","negative",11
"224","shameful","negative",11
"225","timely","positive",11
"226","winners","positive",11
"227","won","positive",11
"228","yay","positive",11
"229","accurate","positive",10
"230","ashamed","negative",10
"231","confused","negative",10
"232","dirty","negative",10
"233","elevate","positive",10
"234","fails","negative",10
"235","false","negative",10
"236","garbage","negative",10
"237","hostage","negative",10
"238","limit","negative",10
"239","lucky","positive",10
"240","miserable","negative",10
"241","positive","positive",10
"242","sadly","negative",10
"243","uncomfortable","negative",10
"244","worried","negative",10
"245","badly","negative",9
"246","bonus","positive",9
"247","complimentary","positive",9
"248","consistent","positive",9
"249","disgusted","negative",9
"250","doubt","negative",9
"251","excuses","negative",9
"252","fabulous","positive",9
"253","interesting","positive",9
"254","lousy","negative",9
"255","smooth","positive",9
"256","stress","negative",9
"257","annoyed","negative",8
"258","awards","positive",8
"259","bullshit","negative",8
"260","comfortable","positive",8
"261","concerns","negative",8
"262","consistently","positive",8
"263","correctly","positive",8
"264","disgrace","negative",8
"265","drunk","negative",8
"266","dumb","negative",8
"267","fall","negative",8
"268","fans","positive",8
"269","freaking","negative",8
"270","furious","negative",8
"271","grand","positive",8
"272","hates","negative",8
"273","horrendous","negative",8
"274","leading","positive",8
"275","penalty","negative",8
"276","promises","positive",8
"277","reasonable","positive",8
"278","recommend","positive",8
"279","rough","negative",8
"280","shocked","negative",8
"281","sincerely","positive",8
"282","split","negative",8
"283","stressful","negative",8
"284","stupid","negative",8
"285","atrocious","negative",7
"286","benefits","positive",7
"287","brutal","negative",7
"288","bug","negative",7
"289","bump","negative",7
"290","chaos","negative",7
"291","confusion","negative",7
"292","courteous","positive",7
"293","damage","negative",7
"294","decent","positive",7
"295","desperately","negative",7
"296","die","negative",7
"297","disappoint","negative",7
"298","disregard","negative",7
"299","dying","negative",7
"300","enjoyed","positive",7
"301","exceptional","positive",7
"302","failing","negative",7
"303","fresh","positive",7
"304","gross","negative",7
"305","hassle","negative",7
"306","idiots","negative",7
"307","inexcusable","negative",7
"308","limited","negative",7
"309","loses","negative",7
"310","loss","negative",7
"311","loving","positive",7
"312","mistakes","negative",7
"313","painful","negative",7
"314","prefer","positive",7
"315","ripped","negative",7
"316","sarcasm","negative",7
"317","stinks","negative",7
"318","stolen","negative",7
"319","success","positive",7
"320","terribly","negative",7
"321","troubles","negative",7
"322","understandable","positive",7
"323","unfriendly","negative",7
"324","useful","positive",7
"325","weird","negative",7
"326","abysmal","negative",6
"327","blah","negative",6
"328","brilliant","positive",6
"329","commitment","positive",6
"330","crash","negative",6
"331","crashed","negative",6
"332","cry","negative",6
"333","dissatisfied","negative",6
"334","expire","negative",6
"335","fat","negative",6
"336","fav","positive",6
"337","fell","negative",6
"338","fortunately","positive",6
"339","goodwill","positive",6
"340","happily","positive",6
"341","heck","negative",6
"342","hilarious","positive",6
"343","humor","positive",6
"344","hurt","negative",6
"345","impressive","positive",6
"346","insult","negative",6
"347","irritated","negative",6
"348","lazy","negative",6
"349","lying","negative",6
"350","nervous","negative",6
"351","nicely","positive",6
"352","overweight","negative",6
"353","pleased","positive",6
"354","pleasure","positive",6
"355","progress","positive",6
"356","proper","positive",6
"357","refuses","negative",6
"358","reliable","positive",6
"359","scam","negative",6
"360","significant","positive",6
"361","smile","positive",6
"362","stellar","positive",6
"363","stole","negative",6
"364","suicide","negative",6
"365","thankful","positive",6
"366","trapped","negative",6
"367","unexpected","negative",6
"368","unfortunate","negative",6
"369","unnecessary","negative",6
"370","unreliable","negative",6
"371","warning","negative",6
"372","weak","negative",6
"373","worthless","negative",6
"374","anxious","negative",5
"375","appalled","negative",5
"376","appropriate","positive",5
"377","assult","negative",5
"378","bankrupt","negative",5
"379","beauty","positive",5
"380","benefit","positive",5
"381","bereavement","negative",5
"382","bothered","negative",5
"383","breaking","negative",5
"384","bumping","negative",5
"385","classy","positive",5
"386","cleared","positive",5
"387","conflicting","negative",5
"388","cranky","negative",5
"389","crashing","negative",5
"390","crisis","negative",5
"391","cute","positive",5
"392","died","negative",5
"393","disgraceful","negative",5
"394","disrespect","negative",5
"395","downgrade","negative",5
"396","enjoying","positive",5
"397","faith","positive",5
"398","falling","negative",5
"399","fastest","positive",5
"400","fiasco","negative",5
"401","finest","positive",5
"402","gain","positive",5
"403","glitch","negative",5
"404","grateful","positive",5
"405","hopeful","positive",5
"406","horrid","negative",5
"407","illegal","negative",5
"408","inadequate","negative",5
"409","inappropriate","negative",5
"410","inclement","negative",5
"411","injury","negative",5
"412","kill","negative",5
"413","kindness","positive",5
"414","lead","positive",5
"415","loose","negative",5
"416","loves","positive",5
"417","magic","positive",5
"418","messing","negative",5
"419","nonsense","negative",5
"420","odd","negative",5
"421","pain","negative",5
"422","popular","positive",5
"423","pricey","negative",5
"424","proud","positive",5
"425","rectify","positive",5
"426","scared","negative",5
"427","secure","positive",5
"428","shocking","negative",5
"429","sincere","positive",5
"430","smiling","positive",5
"431","speedy","positive",5
"432","strong","positive",5
"433","sucked","negative",5
"434","superior","positive",5
"435","unknown","negative",5
"436","valuable","positive",5
"437","vile","negative",5
"438","winning","positive",5
"439","woo","positive",5
"440","approve","positive",4
"441","awkward","negative",4
"442","bitch","negative",4
"443","bloody","negative",4
"444","breaks","negative",4
"445","cheated","negative",4
"446","chill","negative",4
"447","clever","positive",4
"448","comfort","positive",4
"449","complicated","negative",4
"450","compliment","positive",4
"451","confident","positive",4
"452","confusing","negative",4
"453","congratulations","positive",4
"454","cramped","negative",4
"455","crowded","negative",4
"456","dark","negative",4
"457","debacle","negative",4
"458","deny","negative",4
"459","deplorable","negative",4
"460","disorganized","negative",4
"461","disrespectful","negative",4
"462","easiest","positive",4
"463","efficient","positive",4
"464","exhausted","negative",4
"465","failures","negative",4
"466","falls","negative",4
"467","fave","positive",4
"468","favor","positive",4
"469","fear","negative",4
"470","frustrations","negative",4
"471","ftw","positive",4
"472","gladly","positive",4
"473","gorgeous","positive",4
"474","headache","negative",4
"475","hero","positive",4
"476","holy","positive",4
"477","honored","positive",4
"478","idiot","negative",4
"479","ignore","negative",4
"480","incorrect","negative",4
"481","incorrectly","negative",4
"482","inefficient","negative",4
"483","innovation","positive",4
"484","insulting","negative",4
"485","madness","negative",4
"486","misleading","negative",4
"487","negligence","negative",4
"488","nicer","positive",4
"489","outrageous","negative",4
"490","patiently","positive",4
"491","precious","positive",4
"492","promising","positive",4
"493","providence","positive",4
"494","quicker","positive",4
"495","quiet","positive",4
"496","randomly","negative",4
"497","rant","negative",4
"498","recovery","positive",4
"499","regret","negative",4
"500","responsive","positive",4
"501","risk","negative",4
"502","saver","positive",4
"503","severe","negative",4
"504","silly","negative",4
"505","smoothly","positive",4
"506","steal","negative",4
"507","strange","negative",4
"508","strike","negative",4
"509","terrific","positive",4
"510","trash","negative",4
"511","trusted","positive",4
"512","unwilling","negative",4
"513","utterly","negative",4
"514","accomplished","positive",3
"515","affordable","positive",3
"516","aggressive","negative",3
"517","amazed","positive",3
"518","angel","positive",3
"519","appreciates","positive",3
"520","arrogant","negative",3
"521","awe","positive",3
"522","beg","negative",3
"523","beware","negative",3
"524","blatant","negative",3
"525","boycott","negative",3
"526","bright","positive",3
"527","cancer","negative",3
"528","celebrate","positive",3
"529","challenging","negative",3
"530","charm","positive",3
"531","cheer","positive",3
"532","complained","negative",3
"533","confidence","positive",3
"534","convenient","positive",3
"535","craziness","negative",3
"536","cruel","negative",3
"537","dawn","positive",3
"538","deaf","negative",3
"539","decency","positive",3
"540","difficulties","negative",3
"541","disabled","negative",3
"542","discrimination","negative",3
"543","disgruntled","negative",3
"544","dislike","negative",3
"545","downhill","negative",3
"546","empathy","positive",3
"547","enjoyable","positive",3
"548","entertain","positive",3
"549","entertaining","positive",3
"550","err","negative",3
"551","faithful","positive",3
"552","faulty","negative",3
"553","flattering","positive",3
"554","flexibility","positive",3
"555","frigid","negative",3
"556","grace","positive",3
"557","greatest","positive",3
"558","greedy","negative",3
"559","happier","positive",3
"560","happiness","positive",3
"561","harsh","negative",3
"562","headaches","negative",3
"563","heaven","positive",3
"564","honoring","positive",3
"565","hopeless","negative",3
"566","hug","positive",3
"567","hypocrisy","negative",3
"568","improved","positive",3
"569","improvement","positive",3
"570","improvements","positive",3
"571","inability","negative",3
"572","inaccurate","negative",3
"573","inept","negative",3
"574","inevitable","negative",3
"575","inferior","negative",3
"576","insufficient","negative",3
"577","insulted","negative",3
"578","invalid","negative",3
"579","irresponsible","negative",3
"580","irritating","negative",3
"581","livid","negative",3
"582","lone","negative",3
"583","mercy","positive",3
"584","miracle","positive",3
"585","misunderstood","negative",3
"586","neglect","negative",3
"587","nicest","positive",3
"588","nonexistent","negative",3
"589","ordeal","negative",3
"590","oversize","negative",3
"591","painless","positive",3
"592","peace","positive",3
"593","plague","negative",3
"594","pleasantly","positive",3
"595","pointless","negative",3
"596","praise","positive",3
"597","pretend","negative",3
"598","priceless","positive",3
"599","proactive","positive",3
"600","promptly","positive",3
"601","pros","positive",3
"602","protect","positive",3
"603","protection","positive",3
"604","proving","positive",3
"605","qualify","positive",3
"606","recommended","positive",3
"607","refreshed","positive",3
"608","refusing","negative",3
"609","relief","positive",3
"610","reputation","positive",3
"611","rip","negative",3
"612","rotten","negative",3
"613","senseless","negative",3
"614","sensitive","positive",3
"615","shock","negative",3
"616","soft","positive",3
"617","spoiled","negative",3
"618","stall","negative",3
"619","stealing","negative",3
"620","stunning","positive",3
"621","suspect","negative",3
"622","taxing","negative",3
"623","uncaring","negative",3
"624","unpleasant","negative",3
"625","unusable","negative",3
"626","unusual","negative",3
"627","urgent","negative",3
"628","vice","negative",3
"629","vomit","negative",3
"630","warmth","positive",3
"631","whoa","positive",3
"632","wreck","negative",3
"633","abused","negative",2
"634","adore","positive",2
"635","afraid","negative",2
"636","aggravating","negative",2
"637","ailing","negative",2
"638","allergic","negative",2
"639","allergies","negative",2
"640","allergy","negative",2
"641","amazingly","positive",2
"642","anxiety","negative",2
"643","appalling","negative",2
"644","arbitrary","negative",2
"645","ardent","positive",2
"646","assure","positive",2
"647","astounding","positive",2
"648","awesomeness","positive",2
"649","bait","negative",2
"650","beautifully","positive",2
"651","beneficial","positive",2
"652","bizarre","negative",2
"653","bless","positive",2
"654","bonuses","positive",2
"655","boom","positive",2
"656","bravo","positive",2
"657","breach","negative",2
"658","breakdown","negative",2
"659","breeze","positive",2
"660","burn","negative",2
"661","burning","negative",2
"662","capable","positive",2
"663","chaotic","negative",2
"664","cheesy","negative",2
"665","childish","negative",2
"666","cloud","negative",2
"667","clueless","negative",2
"668","comfortably","positive",2
"669","compatible","positive",2
"670","complaining","negative",2
"671","complains","negative",2
"672","compliant","positive",2
"673","condescending","negative",2
"674","conveniently","positive",2
"675","crashes","negative",2
"676","creative","positive",2
"677","criminal","negative",2
"678","damages","negative",2
"679","danger","negative",2
"680","decline","negative",2
"681","dedicated","positive",2
"682","delicious","positive",2
"683","delight","positive",2
"684","delighted","positive",2
"685","desert","negative",2
"686","despicable","negative",2
"687","dick","negative",2
"688","difficulty","negative",2
"689","ding","negative",2
"690","disappoints","negative",2
"691","discontinued","negative",2
"692","dismissive","negative",2
"693","displeased","negative",2
"694","dispute","negative",2
"695","dissapointed","negative",2
"696","dissatisfaction","negative",2
"697","doubtful","negative",2
"698","dumped","negative",2
"699","embarrassment","negative",2
"700","engaging","positive",2
"701","exceed","positive",2
"702","excellence","positive",2
"703","fairly","positive",2
"704","fake","negative",2
"705","filthy","negative",2
"706","flaw","negative",2
"707","flawed","negative",2
"708","flexible","positive",2
"709","fool","negative",2
"710","foolish","negative",2
"711","gains","positive",2
"712","gems","positive",2
"713","genius","positive",2
"714","glitches","negative",2
"715","goodness","positive",2
"716","gracious","positive",2
"717","grievance","negative",2
"718","grouchy","negative",2
"719","guidance","positive",2
"720","hacks","negative",2
"721","hail","positive",2
"722","handy","positive",2
"723","havoc","negative",2
"724","helpless","negative",2
"725","honesty","positive",2
"726","horrific","negative",2
"727","humiliating","negative",2
"728","humour","positive",2
"729","ideal","positive",2
"730","ignorant","negative",2
"731","impending","negative",2
"732","impress","positive",2
"733","inconsiderate","negative",2
"734","inconsistent","negative",2
"735","inefficiency","negative",2
"736","inexperienced","negative",2
"737","insanity","negative",2
"738","intelligent","positive",2
"739","jam","negative",2
"740","jealous","negative",2
"741","jerk","negative",2
"742","junk","negative",2
"743","killed","negative",2
"744","lacked","negative",2
"745","lag","negative",2
"746","leads","positive",2
"747","led","positive",2
"748","liable","negative",2
"749","liars","negative",2
"750","likes","positive",2
"751","losers","negative",2
"752","loud","negative",2
"753","luxurious","positive",2
"754","maddening","negative",2
"755","masters","positive",2
"756","meaningful","positive",2
"757","miserably","negative",2
"758","misfortune","negative",2
"759","misses","negative",2
"760","negative","negative",2
"761","neglected","negative",2
"762","obnoxious","negative",2
"763","obscene","negative",2
"764","offensive","negative",2
"765","overpriced","negative",2
"766","overwhelmed","negative",2
"767","overwhelming","negative",2
"768","painfully","negative",2
"769","panic","negative",2
"770","passion","positive",2
"771","passive","negative",2
"772","perfectly","positive",2
"773","personalized","positive",2
"774","phenomenal","positive",2
"775","pig","negative",2
"776","pity","negative",2
"777","plot","negative",2
"778","preferably","positive",2
"779","prize","positive",2
"780","pure","positive",2
"781","rage","negative",2
"782","raving","negative",2
"783","realistic","positive",2
"784","redemption","positive",2
"785","refreshing","positive",2
"786","remedy","positive",2
"787","remorse","negative",2
"788","rockstar","positive",2
"789","rollercoaster","negative",2
"790","rubbish","negative",2
"791","ruin","negative",2
"792","ruins","negative",2
"793","rumors","negative",2
"794","sass","negative",2
"795","satisfactory","positive",2
"796","satisfied","positive",2
"797","savings","positive",2
"798","seriousness","negative",2
"799","sexy","positive",2
"800","shoddy","negative",2
"801","shortage","negative",2
"802","shortcomings","negative",2
"803","shrug","negative",2
"804","skilled","positive",2
"805","slower","negative",2
"806","slowest","negative",2
"807","slowly","negative",2
"808","smart","positive",2
"809","smells","negative",2
"810","smoothest","positive",2
"811","snags","negative",2
"812","sneaky","negative",2
"813","solid","positive",2
"814","spite","negative",2
"815","spotty","negative",2
"816","stranger","negative",2
"817","stunned","positive",2
"818","sue","negative",2
"819","suffering","negative",2
"820","supporting","positive",2
"821","swamped","negative",2
"822","sweetheart","positive",2
"823","threatening","negative",2
"824","thrilled","positive",2
"825","torture","negative",2
"826","trick","negative",2
"827","troubling","negative",2
"828","unbelievably","negative",2
"829","unlikely","negative",2
"830","unsafe","negative",2
"831","unspecified","negative",2
"832","unsure","negative",2
"833","upsetting","negative",2
"834","violation","negative",2
"835","warmer","positive",2
"836","weary","negative",2
"837","winner","positive",2
"838","wins","positive",2
"839","worthy","positive",2
"840","abounds","positive",1
"841","absurdity","negative",1
"842","absurdly","negative",1
"843","abundance","positive",1
"844","abuse","negative",1
"845","accessible","positive",1
"846","accomplish","positive",1
"847","accurately","positive",1
"848","aggravation","negative",1
"849","alarm","negative",1
"850","amaze","positive",1
"851","ambivalence","negative",1
"852","amenity","positive",1
"853","anarchy","negative",1
"854","apathetic","negative",1
"855","apathy","negative",1
"856","appealing","positive",1
"857","applaud","positive",1
"858","approval","positive",1
"859","archaic","negative",1
"860","assurance","positive",1
"861","assurances","positive",1
"862","assuring","positive",1
"863","astounded","positive",1
"864","attentive","positive",1
"865","authoritative","positive",1
"866","aweful","negative",1
"867","awfully","negative",1
"868","awfulness","negative",1
"869","bashing","negative",1
"870","bastards","negative",1
"871","begging","negative",1
"872","belabor","negative",1
"873","believable","positive",1
"874","belligerent","negative",1
"875","beloved","positive",1
"876","bitchy","negative",1
"877","blatantly","negative",1
"878","bleed","negative",1
"879","blind","negative",1
"880","bliss","positive",1
"881","bloated","negative",1
"882","blow","negative",1
"883","boost","positive",1
"884","bored","negative",1
"885","boundless","positive",1
"886","brave","positive",1
"887","breakup","negative",1
"888","brighter","positive",1
"889","brisk","positive",1
"890","bugging","negative",1
"891","buggy","negative",1
"892","bully","negative",1
"893","bullying","negative",1
"894","burden","negative",1
"895","burned","negative",1
"896","calamity","negative",1
"897","calming","positive",1
"898","capability","positive",1
"899","careless","negative",1
"900","cave","negative",1
"901","celebration","positive",1
"902","cheapest","positive",1
"903","cheat","negative",1
"904","chilly","negative",1
"905","choppy","negative",1
"906","classic","positive",1
"907","cleanliness","positive",1
"908","clog","negative",1
"909","clunky","negative",1
"910","coldly","negative",1
"911","combative","negative",1
"912","comforting","positive",1
"913","commend","positive",1
"914","compact","positive",1
"915","compassionate","positive",1
"916","complex","negative",1
"917","condescension","negative",1
"918","conflict","negative",1
"919","confrontational","negative",1
"920","confuses","negative",1
"921","congested","negative",1
"922","congratulation","positive",1
"923","considerate","positive",1
"924","constructive","positive",1
"925","contagious","negative",1
"926","contempt","negative",1
"927","contend","negative",1
"928","contradictory","negative",1
"929","contribution","positive",1
"930","convenience","positive",1
"931","corrupt","negative",1
"932","cowardly","negative",1
"933","cozy","positive",1
"934","crabby","negative",1
"935","criticism","negative",1
"936","crook","negative",1
"937","crooked","negative",1
"938","curse","negative",1
"939","curt","negative",1
"940","cushy","positive",1
"941","cussed","negative",1
"942","damper","negative",1
"943","dangerous","negative",1
"944","deceiving","negative",1
"945","deceptive","negative",1
"946","defective","negative",1
"947","defiantly","negative",1
"948","deficiency","negative",1
"949","delightful","positive",1
"950","delinquent","negative",1
"951","demolish","negative",1
"952","dented","negative",1
"953","dependable","positive",1
"954","depressing","negative",1
"955","depression","negative",1
"956","desirable","positive",1
"957","desperate","negative",1
"958","despise","negative",1
"959","destroy","negative",1
"960","deter","negative",1
"961","deteriorating","negative",1
"962","devastated","negative",1
"963","dies","negative",1
"964","dignity","positive",1
"965","dilemma","negative",1
"966","diligent","positive",1
"967","dim","negative",1
"968","dirt","negative",1
"969","disappointments","negative",1
"970","disastrous","negative",1
"971","disbelief","negative",1
"972","discomfort","negative",1
"973","discouraging","negative",1
"974","discourteous","negative",1
"975","disheartening","negative",1
"976","dishonest","negative",1
"977","disloyal","negative",1
"978","displaced","negative",1
"979","displeasure","negative",1
"980","disproportionate","negative",1
"981","disputed","negative",1
"982","disrespectfully","negative",1
"983","disruption","negative",1
"984","distress","negative",1
"985","distressed","negative",1
"986","disturb","negative",1
"987","doom","negative",1
"988","dope","negative",1
"989","drag","negative",1
"990","drain","negative",1
"991","dread","negative",1
"992","dreadful","negative",1
"993","dump","negative",1
"994","dumping","negative",1
"995","dumps","negative",1
"996","dungeon","negative",1
"997","dust","negative",1
"998","eager","positive",1
"999","ease","positive",1
"1000","effective","positive",1
"1001","efficiently","positive",1
"1002","effortless","positive",1
"1003","egregious","negative",1
"1004","empathize","positive",1
"1005","encourage","positive",1
"1006","encouragement","positive",1
"1007","enemy","negative",1
"1008","enhance","positive",1
"1009","enraging","negative",1
"1010","evasive","negative",1
"1011","evil","negative",1
"1012","exasperating","negative",1
"1013","exceptionally","positive",1
"1014","excitement","positive",1
"1015","exciting","positive",1
"1016","excruciatingly","negative",1
"1017","exhaustion","negative",1
"1018","extortion","negative",1
"1019","extraordinary","positive",1
"1020","faint","negative",1
"1021","fallen","negative",1
"1022","famous","positive",1
"1023","fancy","positive",1
"1024","farce","negative",1
"1025","faults","negative",1
"1026","feat","positive",1
"1027","fib","negative",1
"1028","fiction","negative",1
"1029","fist","negative",1
"1030","flagging","negative",1
"1031","flawless","positive",1
"1032","flutter","positive",1
"1033","foresight","positive",1
"1034","forfeit","negative",1
"1035","freaks","negative",1
"1036","freeze","negative",1
"1037","freezes","negative",1
"1038","frightening","negative",1
"1039","frown","negative",1
"1040","frustratingly","negative",1
"1041","gem","positive",1
"1042","genuine","positive",1
"1043","glowing","positive",1
"1044","golden","positive",1
"1045","gratitude","positive",1
"1046","greed","negative",1
"1047","grief","negative",1
"1048","grumpy","negative",1
"1049","guilty","negative",1
"1050","handicapped","negative",1
"1051","handily","positive",1
"1052","harass","negative",1
"1053","hassles","negative",1
"1054","hasty","negative",1
"1055","hated","negative",1
"1056","hateful","negative",1
"1057","hating","negative",1
"1058","hazard","negative",1
"1059","heartless","negative",1
"1060","hectic","negative",1
"1061","hesitant","negative",1
"1062","hogs","negative",1
"1063","hollow","negative",1
"1064","honorable","positive",1
"1065","hooray","positive",1
"1066","hostile","negative",1
"1067","hurting","negative",1
"1068","hurts","negative",1
"1069","idiotic","negative",1
"1070","illiterate","negative",1
"1071","illness","negative",1
"1072","illogical","negative",1
"1073","impaired","negative",1
"1074","impatience","negative",1
"1075","impatient","negative",1
"1076","impediment","negative",1
"1077","impersonal","negative",1
"1078","impolite","negative",1
"1079","impossibly","negative",1
"1080","improper","negative",1
"1081","improves","positive",1
"1082","improving","positive",1
"1083","inappropriately","negative",1
"1084","incapable","negative",1
"1085","incomprehensible","negative",1
"1086","inconceivable","negative",1
"1087","inconveniently","negative",1
"1088","indignation","negative",1
"1089","ineligible","negative",1
"1090","inexpensive","positive",1
"1091","inflexible","negative",1
"1092","infringement","negative",1
"1093","infuriated","negative",1
"1094","infuriating","negative",1
"1095","inhumane","negative",1
"1096","inoperable","negative",1
"1097","insanely","negative",1
"1098","insensitive","negative",1
"1099","inspiration","positive",1
"1100","inspiring","positive",1
"1101","instantly","positive",1
"1102","insubstantial","negative",1
"1103","intelligence","positive",1
"1104","interferes","negative",1
"1105","intimate","positive",1
"1106","intrusive","negative",1
"1107","involuntarily","negative",1
"1108","irate","negative",1
"1109","irony","negative",1
"1110","irregularity","negative",1
"1111","irreplaceable","positive",1
"1112","isolate","negative",1
"1113","jeopardy","negative",1
"1114","joy","positive",1
"1115","kindly","positive",1
"1116","knock","negative",1
"1117","lacking","negative",1
"1118","lacks","negative",1
"1119","lagging","negative",1
"1120","lapse","negative",1
"1121","leak","negative",1
"1122","leaking","negative",1
"1123","lengthy","negative",1
"1124","liar","negative",1
"1125","liberty","positive",1
"1126","lifesaver","positive",1
"1127","liked","positive",1
"1128","liking","positive",1
"1129","limits","negative",1
"1130","lively","positive",1
"1131","logical","positive",1
"1132","loner","negative",1
"1133","longing","negative",1
"1134","loser","negative",1
"1135","louder","negative",1
"1136","luxury","positive",1
"1137","magical","positive",1
"1138","measly","negative",1
"1139","mediocre","negative",1
"1140","messes","negative",1
"1141","mighty","positive",1
"1142","miracles","positive",1
"1143","miraculously","positive",1
"1144","misbehavior","negative",1
"1145","miscalculation","negative",1
"1146","misery","negative",1
"1147","misguided","negative",1
"1148","mislead","negative",1
"1149","misread","negative",1
"1150","mistaken","negative",1
"1151","misunderstanding","negative",1
"1152","morons","negative",1
"1153","mortified","negative",1
"1154","mundane","negative",1
"1155","mysterious","negative",1
"1156","mysteriously","negative",1
"1157","mystery","negative",1
"1158","narrower","negative",1
"1159","needlessly","negative",1
"1160","negligent","negative",1
"1161","nightmarish","negative",1
"1162","noise","negative",1
"1163","obsolete","negative",1
"1164","offensively","negative",1
"1165","optimistic","positive",1
"1166","orphan","negative",1
"1167","outbreak","negative",1
"1168","outrage","negative",1
"1169","outraged","negative",1
"1170","overkill","negative",1
"1171","overloaded","negative",1
"1172","overzealous","negative",1
"1173","pales","negative",1
"1174","pamper","positive",1
"1175","panicked","negative",1
"1176","paradise","positive",1
"1177","paranoid","negative",1
"1178","parody","negative",1
"1179","peculiar","negative",1
"1180","peeled","negative",1
"1181","peeved","negative",1
"1182","petty","negative",1
"1183","pigs","negative",1
"1184","polite","positive",1
"1185","poorest","negative",1
"1186","portable","positive",1
"1187","pride","positive",1
"1188","prison","negative",1
"1189","privilege","positive",1
"1190","problematic","negative",1
"1191","proficient","positive",1
"1192","protest","negative",1
"1193","qualified","positive",1
"1194","racist","negative",1
"1195","ranting","negative",1
"1196","reachable","positive",1
"1197","readily","positive",1
"1198","reasonably","positive",1
"1199","reckless","negative",1
"1200","reclaim","positive",1
"1201","recommendation","positive",1
"1202","recover","positive",1
"1203","redeeming","positive",1
"1204","reform","positive",1
"1205","refresh","positive",1
"1206","regard","positive",1
"1207","rejected","negative",1
"1208","rejecting","negative",1
"1209","reluctant","negative",1
"1210","renewed","positive",1
"1211","reprehensible","negative",1
"1212","reproach","negative",1
"1213","resent","negative",1
"1214","respectful","positive",1
"1215","restless","negative",1
"1216","restored","positive",1
"1217","restriction","negative",1
"1218","restructured","positive",1
"1219","retards","negative",1
"1220","revive","positive",1
"1221","rich","positive",1
"1222","ridicules","negative",1
"1223","ridiculously","negative",1
"1224","rockstars","positive",1
"1225","rumor","negative",1
"1226","sap","negative",1
"1227","sarcastic","negative",1
"1228","sarcastically","negative",1
"1229","satisfactorily","positive",1
"1230","satisfy","positive",1
"1231","scandal","negative",1
"1232","scare","negative",1
"1233","scary","negative",1
"1234","scolding","negative",1
"1235","scramble","negative",1
"1236","scream","negative",1
"1237","shady","negative",1
"1238","shaky","negative",1
"1239","sham","negative",1
"1240","shambles","negative",1
"1241","sharp","positive",1
"1242","shiver","negative",1
"1243","simplify","positive",1
"1244","sink","negative",1
"1245","skillful","positive",1
"1246","slime","negative",1
"1247","slog","negative",1
"1248","sloppy","negative",1
"1249","smarter","positive",1
"1250","smell","negative",1
"1251","smelled","negative",1
"1252","smelly","negative",1
"1253","smiles","positive",1
"1254","smitten","positive",1
"1255","snag","negative",1
"1256","snagging","negative",1
"1257","snobby","negative",1
"1258","sour","negative",1
"1259","spade","negative",1
"1260","spectacular","positive",1
"1261","spirited","positive",1
"1262","splitting","negative",1
"1263","spoil","negative",1
"1264","spook","negative",1
"1265","squeaks","negative",1
"1266","stable","positive",1
"1267","stagnant","negative",1
"1268","stains","negative",1
"1269","startling","negative",1
"1270","static","negative",1
"1271","steep","negative",1
"1272","stingy","negative",1
"1273","stink","negative",1
"1274","straighten","positive",1
"1275","strict","negative",1
"1276","struggle","negative",1
"1277","struggling","negative",1
"1278","stubborn","negative",1
"1279","stubbornly","negative",1
"1280","stuffy","negative",1
"1281","stupidity","negative",1
"1282","stupidly","negative",1
"1283","substandard","negative",1
"1284","successful","positive",1
"1285","suffer","negative",1
"1286","suffered","negative",1
"1287","sufficiently","positive",1
"1288","superb","positive",1
"1289","supported","positive",1
"1290","supporter","positive",1
"1291","surreal","positive",1
"1292","swanky","positive",1
"1293","sweaty","negative",1
"1294","swift","positive",1
"1295","swindle","negative",1
"1296","swipe","negative",1
"1297","tacky","negative",1
"1298","talent","positive",1
"1299","talents","positive",1
"1300","tank","negative",1
"1301","tanked","negative",1
"1302","tedious","negative",1
"1303","temper","negative",1
"1304","tempting","positive",1
"1305","tense","negative",1
"1306","terror","negative",1
"1307","thinner","positive",1
"1308","thoughtful","positive",1
"1309","threat","negative",1
"1310","tolerable","positive",1
"1311","toll","negative",1
"1312","tops","positive",1
"1313","tortured","negative",1
"1314","transparent","positive",1
"1315","trap","negative",1
"1316","trashy","negative",1
"1317","treacherous","negative",1
"1318","treasure","positive",1
"1319","tremendously","positive",1
"1320","trivialize","negative",1
"1321","truthful","positive",1
"1322","twist","negative",1
"1323","unclear","negative",1
"1324","uncompromising","negative",1
"1325","undefined","negative",1
"1326","undermines","negative",1
"1327","undetermined","negative",1
"1328","undignified","negative",1
"1329","undone","negative",1
"1330","undue","negative",1
"1331","uneventful","negative",1
"1332","unexplained","negative",1
"1333","unfamiliar","negative",1
"1334","uninformed","negative",1
"1335","unlucky","negative",1
"1336","unnerving","negative",1
"1337","unnoticed","negative",1
"1338","unpredictable","negative",1
"1339","unprepared","negative",1
"1340","unproductive","negative",1
"1341","unreachable","negative",1
"1342","unrealistic","negative",1
"1343","unreasonable","negative",1
"1344","unresolved","negative",1
"1345","unsettling","negative",1
"1346","unsuccessful","negative",1
"1347","untrue","negative",1
"1348","untruthful","negative",1
"1349","unwise","negative",1
"1350","uphold","positive",1
"1351","usable","positive",1
"1352","useable","positive",1
"1353","vague","negative",1
"1354","vanity","negative",1
"1355","vent","negative",1
"1356","vibrant","positive",1
"1357","virus","negative",1
"1358","vomited","negative",1
"1359","vulnerable","negative",1
"1360","wack","negative",1
"1361","whining","negative",1
"1362","whiny","negative",1
"1363","wise","positive",1
"1364","witty","positive",1
"1365","woeful","negative",1
"1366","wonderfully","positive",1
"1367","worn","negative",1
"1368","worrisome","negative",1
"1369","worrying","negative",1
"1370","wrath","negative",1
"1371","wrestle","negative",1
"1372","wretched","negative",1
"1373","zombie","negative",1
